DocResume,Type
ProdDoc1,doc
ProdDoc2,doc
ProdDoc3,doc
ProdDoc4,doc
ProdDoc5,doc
ProdDoc6,docx
ProdDoc7,rtf
ProdDoc10,doc
ProdDoc11,docx
ProdDoc12,docx
ProdDoc13,docx
ProdDoc14,rtf
ProdDoc15,rtf
ProdDoc16,docx
ProdDoc17,docx
ProdDoc18,docx
ProdDoc19,docx
ProdDoc20,docx
ProdDoc21,docx
ProdDoc22,docx
ProdDoc23,docx
ProdDoc24,rtf
ProdDoc25,docx
ProdDoc26,docx
ProdDoc27,docx
ProdDoc28,docx
ProdDoc29,docx
ProdDoc30,docx
ProdDoc31,doc
ProdDoc32,docx
ProdDoc33,docx
ProdDoc34,docx
ProdDoc35,docx
ProdDoc36,docx
ProdDoc37,docx
ProdDoc38,docx
ProdDoc39,docx
ProdDoc40,docx
ProdDoc41,docx
ProdDoc42,docx
ProdDoc43,docx
ProdDoc44,docx
ProdDoc45,docx
ProdDoc46,docx
ProdDoc47,doc
ProdDoc48,docx
ProdDoc49,docx
ProdDoc50,docx
ProdDoc51,doc
ProdDoc52,docx
ProdDoc53,docx
ProdDoc54,docx
ProdDoc55,docx
ProdDoc56,docx
ProdDoc57,docx
ProdDoc58,docx
ProdDoc59,docx
ProdDoc60,docx
ProdDoc61,docx
ProdDoc62,docx
ProdDoc63,docx
ProdDoc64,docx
ProdDoc65,docx
ProdDoc66,docx
ProdDoc67,docx
ProdDoc68,docx
ProdDoc69,docx
